Matricula;Nome;Curso;Ingresso
320241;Collin Homem;Atuária;2017
320577;Manuela Torres;Atuária;2016
320922;Alvito Igrejas;Atuária;2013
321013;Trajano Moreno;Atuária;2017
321044;Diodete Fogassa;Atuária;2014
321064;Enilda Machado;Atuária;2016
321108;Valéria Graça;Atuária;2016
321283;Otília Rivas;Atuária;2016
321447;Mateus Capistrano;Atuária;2012
321605;Raul Moreyra;Atuária;2012
321764;Berengário Rijo;Atuária;2016
321797;Mauro Mesquita;Atuária;2013
321830;Doroteia Frade;Atuária;2017
322015;Balduíno Jordão;Atuária;2016
322076;Luize Silvestre;Atuária;2013
322488;Ubajara Osorio;Atuária;2013
322664;Lázaro Espírito Santo;Atuária;2016
322694;Germano Carrasco;Atuária;2013
322741;Mafalda Nobre;Atuária;2016
322780;Afonso Vila-Chã;Atuária;2015
322854;Judá Barboza;Atuária;2013
322867;Remo Torcuato;Atuária;2016
323126;Graciano Moreno;Atuária;2012
323206;Vítor ou Victor Mesquita;Atuária;2012
323637;Angelino Bogalho;Atuária;2014
323898;Augusto Baldaia;Atuária;2015
324108;Inaiá Cachoeira;Atuária;2016
324656;Veridiano Sabrosa;Atuária;2013
324773;Leónidas Zalazar;Atuária;2012
324884;Alicia Domingues;Atuária;2016
325147;Vicente Valle;Atuária;2016
325738;Germano Pimienta;Atuária;2016
325860;Jacinta Peseiro;Atuária;2016
325889;Luana Beserra;Atuária;2016
326049;Felicidade Barretto;Atuária;2013
326240;Tânia Diegues;Atuária;2013
326720;Evaristo Ataíde;Atuária;2016
327183;Zuleica Araripe;Atuária;2017
327189;Hugo Valle;Atuária;2015
327840;Emiliano Guerrero;Atuária;2016
327954;Gilberto Telinhos;Atuária;2014
327989;Ester Balsemão;Atuária;2017
328038;Carlos Vega;Atuária;2014
328247;Eugénio Cisneiros;Atuária;2013
328341;Ricardo Neres;Atuária;2012
328435;Guadalupe Piteira;Atuária;2015
328537;Aldonça Pardo;Atuária;2012
328746;Amílcar Alencastre;Atuária;2014
329309;Constantino Almada;Atuária;2013
329475;Augusto Pimenta;Atuária;2015
329952;Zoe Madureira;Atuária;2016
330219;Guido Rebocho;Atuária;2017
330409;Lénia Serpa;Atuária;2013
330694;Cátia Gouvêa;Atuária;2012
330817;Osvaldo Barros;Atuária;2014
330950;Raoni Lampreia;Atuária;2016
330979;Telmo Granja;Atuária;2013
331141;Lavínia Salomão;Atuária;2017
331145;Serafim Olaio;Atuária;2015
331246;Anhangüera Veiga;Atuária;2017
331473;Tristão Negromonte;Atuária;2017
331497;Mem Mota;Atuária;2017
331559;Iberê Severo;Atuária;2015
331619;Adalberto Pérez;Atuária;2017
331638;Ubaldo Aldea;Atuária;2015
331779;Mariano Garrau;Atuária;2017
331822;Sofia Jaguariúna;Atuária;2017
332090;Heloísa Lobo;Atuária;2017
332214;Amílcar Nascimento;Atuária;2016
332301;Armindo Prudente;Atuária;2015
332652;Mbicy Lousado;Atuária;2014
332860;Tarrataca Villar;Atuária;2017
332958;Valéria Sequera;Atuária;2017
333081;Violeta Campello;Atuária;2017
333155;Nelson Fernandes;Atuária;2017
333296;Alexandre Sánchez;Atuária;2012
333323;Júlio Valadares;Atuária;2014
333528;Iolanda Serpa;Atuária;2017
333827;Floriano Ramírez;Atuária;2017
334022;Graça Casqueira;Atuária;2017
334190;Sandoval Vilhena;Atuária;2017
334230;Anna Andrade;Atuária;2017
334930;Mercedes Velasco;Atuária;2016
335194;Cleiton Cirne;Atuária;2015
335295;Greice Cabreira;Atuária;2012
335359;Carine Peçanha;Atuária;2017
335566;Humberto Laureano;Atuária;2017
335660;Nuno Bicudo;Atuária;2014
335773;Polibe Puentes;Atuária;2017
335842;Fátima Alvarenga;Atuária;2014
335892;Laís Brião;Atuária;2015
335957;Bibiana Resende;Atuária;2017
336079;Noé Ferro;Atuária;2014
336615;Sílvia Paiacã;Atuária;2017
336694;Marcos Villela;Atuária;2017
337339;Aluísio Mendoza;Atuária;2014
337409;Comecus Vale;Atuária;2012
337419;Isilda Cyrne;Atuária;2017
337430;Carlota Canejo;Atuária;2014
337751;José Paranhos;Atuária;2014
337753;Josué Álvarez;Atuária;2013
337757;Teodorico Barateiro;Atuária;2016
338151;Roseli Ramires;Atuária;2015
338257;Dália Salles;Atuária;2016
338541;Lúcio Barrocas;Atuária;2016
338768;Evandro Viana;Atuária;2014
339293;Leonir Jordão;Atuária;2014
339509;Branco Quintão;Atuária;2017
339640;Maíra Parahyba;Atuária;2013
340112;Ricardina Ferro;Atuária;2017
340280;Andreoleto Abrantes;Atuária;2017
340305;Domingos Alcoforado;Atuária;2013
340601;Enilda Castro;Atuária;2015
341006;Iuri Camarinho;Atuária;2017
341019;Belmiro Barra;Atuária;2013
341191;Hipólito Quinteiro;Atuária;2015
341501;Félix Silvestre;Atuária;2014
341807;Aldonça Rebimbas;Atuária;2012
341814;Ângelo Vilaverde;Atuária;2017
341816;Eugénio Velasques;Atuária;2012
342181;Sebastião Tabajara;Atuária;2012
342222;Geraldo Peres;Atuária;2016
342526;Aldo Braga;Atuária;2017
342605;Moaci Amado;Atuária;2012
342638;Hernâni Villar;Atuária;2013
342681;Raquel Paranhos;Atuária;2017
342784;Antônia Aragón;Atuária;2013
342965;Quirino Serpa;Atuária;2013
342970;Daniela Viveros;Atuária;2016
342993;Graciano Mora;Atuária;2013
343031;Frutuoso Piratininga;Atuária;2015
343157;Aurélio Pitangui;Atuária;2012
343468;Aida Filgueiras;Atuária;2016
343561;Abigail Louzada;Atuária;2012
343605;Vera Beltrán;Atuária;2014
343637;Fábio Godoy;Atuária;2016
343913;Marli Cotegipe;Atuária;2015
344026;Conceição Lima;Atuária;2015
344086;Viviana Amaral;Atuária;2013
344178;Dorindo Velasques;Atuária;2015
344344;Emanuel Peseiro;Atuária;2016
344492;Lúcia Mendoça;Atuária;2013
344570;Cláudia Pirajá;Atuária;2013
344716;Jamari Zagalo;Atuária;2017
345361;Collin Bentes;Atuária;2015
345385;Antão Fonseca;Atuária;2014
345497;Fiona Varanda;Atuária;2012
345965;Deolindo Asunción;Atuária;2016
346184;Regina Bahía;Atuária;2013
346623;Márcio Velasco;Atuária;2012
347345;Comecus Rijo;Atuária;2013
347523;Gilberto Holanda;Atuária;2015
347836;Estanislau Pavía;Atuária;2015
347840;Lázaro Carmona;Atuária;2012
348267;Hermígio Linares;Atuária;2012
348487;Bartolomeu Caeira;Atuária;2013
348810;Iberê Sánchez;Atuária;2013
349325;Abílio Durán;Atuária;2014
349409;Margarida Varella;Atuária;2017
349653;Albino Quinta;Atuária;2013
350016;Patrício Baldaia;Atuária;2012
350520;Ângelo Bernardes;Atuária;2016
350662;Ruca Brión;Atuária;2012
350667;Comecus Castaño;Atuária;2016
350925;Rogério Furquim;Atuária;2016
351112;Polibe Dâmaso;Atuária;2017
351386;Xénia Meirelles;Atuária;2015
351508;Gaudêncio Galante;Atuária;2013
351729;Oliveira Quadros;Atuária;2017
351841;Mónica Boaventura;Atuária;2016
351917;Sidônio   Café;Atuária;2016
352233;Abraão Cavalheiro;Atuária;2014
352432;Florinda Ornelas;Atuária;2014
352520;Luize Trindade;Atuária;2013
352805;Gonçalo Fitas;Atuária;2017
352813;Jónatas Landim;Atuária;2015
352880;Inácio Vicario;Atuária;2015
353067;Marcela Araújo;Atuária;2014
353072;Dalila Manso;Atuária;2015
354190;Catarina Oleiro;Atuária;2014
355061;Minervina Bezerra;Atuária;2015
355902;Ulrico Patrício;Atuária;2015
356081;Adélio Milheiro;Atuária;2013
356182;Mercedes Vidigal;Atuária;2015
356293;Telma Natal;Atuária;2016
356349;Cristina Velázquez;Atuária;2015
356490;Mara Figueiroa;Atuária;2015
356585;Cleiton Blanco;Atuária;2012
356674;Máximo Rua;Atuária;2012
356969;Eugénio Parente;Atuária;2012
356976;Bartira Frota;Atuária;2017
357228;Bukake Bento;Atuária;2012
357465;Rodrigo Guerreiro;Atuária;2012
357958;Eládio Maranhão;Atuária;2016
358747;Evangelista Cavalheiro;Atuária;2016
358914;Mateus Paredes;Atuária;2013
359288;Aniano Pirassununga;Atuária;2015
359327;Josefa Rivero;Atuária;2012
360185;Oriana Coelho;Atuária;2012
360422;Pedro Jorge;Atuária;2012
361122;Gláuber Rebelo;Atuária;2013
361926;Fátima Vilar;Atuária;2013
362083;Tomás Camarinho;Atuária;2012
362942;Urbano Avelar;Atuária;2012
363444;Valéria Bethancout;Atuária;2017
363731;Cândido Enríquez;Atuária;2013
363731;Jordana Sobreira;Atuária;2016
363914;Aline Covinha;Atuária;2017
364189;Lavínia Felipe;Atuária;2012
364349;Natacha Carvalheiro;Atuária;2017
364675;Jordana Barrocas;Atuária;2014
364695;Alarico Ruas;Atuária;2014
364699;Otília Camello;Atuária;2015
364711;Teodora Acuña;Atuária;2015
364768;Aldonça Capistrano;Atuária;2014
364912;Zoe Vides;Atuária;2017
364984;Ramiro Junquera;Atuária;2016
365281;Cristina Sacramento;Atuária;2012
365697;Olga Falcão;Atuária;2012
365875;Ingrit Verissimo;Atuária;2012
367073;Maíra Horta;Atuária;2016
367219;Virgílio Guaraná;Atuária;2014
367383;António Leme;Atuária;2013
367515;Jaci Canedo;Atuária;2015
367670;Claudemiro Veleda;Atuária;2014
367862;Gueda Villaça;Atuária;2012
367910;Xénia Marins;Atuária;2015
368013;Zulmira Mourato;Atuária;2016
368550;Guido Quintão;Atuária;2017
368648;Aguinaldo Guerra;Atuária;2017
368790;Palo Gracia;Atuária;2015
369502;Aníbal Coello;Atuária;2014
370184;Tarrataca Velasques;Atuária;2017
371045;Reinaldo Cerveira;Atuária;2017
371536;Alarico Viana;Atuária;2015
371648;Tobias Barateiro;Atuária;2017
371732;Clementina Serralheiro;Atuária;2016
371820;Jonas Dinis;Atuária;2017
372000;Noémia Brião;Atuária;2017
372154;Belmira Marreiro;Atuária;2017
372437;Ovídio Siebra;Atuária;2014
372467;Leopoldo Hernández;Atuária;2013
372498;Berengária Caires;Atuária;2015
372658;Nídia Colaço;Atuária;2013
373035;Violeta Moreno;Atuária;2016
373297;Antónia Remígio;Atuária;2017
373376;Reinaldo Amaral;Atuária;2015
373881;Liana Rangel;Atuária;2012
374053;Mónica Noronha;Atuária;2016
374083;Elsa Mourinho;Atuária;2016
374708;Ana Damasceno;Atuária;2015
374761;Napoleão Penteado;Atuária;2012
375039;Roquita Marañón;Atuária;2014
375094;Raquel Carvalhosa;Atuária;2016
375287;Emídio Lemos;Atuária;2015
375788;Doroteia Valadares;Atuária;2013
375837;Minervina Marques;Atuária;2013
376467;Ramiro Murtinho;Atuária;2013
376850;Paulino Figueiredo;Atuária;2014
377195;Eduardo Garcia;Atuária;2013
377272;Aníbal Villaça;Atuária;2016
377657;Veríssimo Ochoa;Atuária;2015
377950;Marli Macena;Atuária;2012
378060;Cleusa Freire;Atuária;2012
378061;Geraldo Cortés;Atuária;2014
378732;Eudes Sales;Atuária;2016
378780;Firmina Belmonte;Atuária;2013
378785;Timóteo Viégas;Atuária;2012
379000;Arcidres Prates;Atuária;2015
379236;Belmiro Pimienta;Atuária;2014
379379;Aniano Covilhã;Atuária;2015
380302;Josefa Batista;Atuária;2014
380314;Matilde Toledo;Atuária;2013
380586;Maria Gil;Atuária;2013
380852;Potira Villela;Atuária;2013
381100;Higino Igrejas;Atuária;2017
381633;Gisela Bulhão;Atuária;2012
381691;Patrício Lencastre;Atuária;2015
382135;Derli Frade;Atuária;2016
382143;Diógenes Quintero;Atuária;2016
382221;Olívia Collaço;Atuária;2017
400114;Lino Campello;Administração;2013
400523;Napoleão Felgueira;Administração;2015
400587;Levi Canejo;Administração;2012
400977;Bruno Vásquez;Administração;2013
401015;Alzira Quintero;Administração;2014
401025;Noêmia   Jordán;Administração;2012
401849;Amílcar Sant'Anna;Administração;2015
401871;Silvano Fragoso;Administração;2016
401884;Tristão Fonseca;Administração;2017
402180;Luísa Lobato;Administração;2016
402816;Aníbal Eiró;Administração;2013
403008;Cecília Valle;Administração;2015
403259;Talita Salvado;Administração;2017
403477;Giovana Vilar;Administração;2017
403983;Porfírio Moraes;Administração;2016
404116;Adélia Bettencourt;Administração;2014
404135;Sofia Velásquez;Administração;2012
404155;Júlio Vasconcellos;Administração;2012
404264;Moema Cidreira;Administração;2014
404323;Minervina Motta;Administração;2013
404503;Andreia Pirajá;Administração;2014
404642;Palo Paes;Administração;2014
405209;Morgana Graça;Administração;2017
405871;Liedson López;Administração;2012
405923;Ximena Girão;Administração;2013
405992;Marli Varella;Administração;2017
406301;Flávio Salgado;Administração;2016
406732;Alicia Briones;Administração;2012
406737;Veridiano Alancastro;Administração;2014
406950;Celina Medeiros;Administração;2013
407140;Carine Mendoza;Administração;2015
407257;Lino Becerra;Administração;2015
407305;Celeste Sardina;Administração;2016
407373;Quintiliano Gusmão;Administração;2014
407411;Aguinaldo Rosario;Administração;2016
407479;Telma Castanheira;Administração;2012
407502;Iraci Juruna;Administração;2014
407503;Gerusa Jordán;Administração;2016
407727;Caetano Bautista;Administração;2017
407858;Judá Távora;Administração;2012
407863;Palmiro Clementino;Administração;2017
408402;Lourenço Cavadas;Secretariado;2017
408431;Cristiano Travassos;Administração;2013
408494;Eduardo Gomide;Administração;2014
408556;Eliseu Pequeno;Administração;2015
408845;Marlene Varão;Administração;2015
409139;Capitolino Marrero;Administração;2012
409205;Firmina Girón;Administração;2017
409392;Norberto Saldaña;Administração;2012
409807;Solange Remígio;Administração;2017
410531;Hermano Carlos;Administração;2012
410620;Salvador Pimienta;Administração;2014
410928;Letícia Lozada;Administração;2014
411350;Gina Monjardim;Administração;2017
411427;Judite Felipe;Administração;2017
411642;Mariana Salguero;Administração;2014
411647;Juliano Peixoto;Administração;2016
411684;Gabriel Valle;Administração;2016
411698;Matias Borja;Administração;2012
411833;Élvio Marroquim;Administração;2015
411851;Simone Pontes;Administração;2016
411893;Margarida Giménez;Administração;2012
411968;Nestor Queiroga;Administração;2016
412324;Piedade Esteves;Administração;2014
412420;Isadora Pinheiro;Administração;2015
412610;Eládio Minho;Administração;2014
412786;Anabela Custódio;Administração;2013
413014;Davide Quintero;Administração;2015
413047;Emídio Lucas;Administração;2016
413050;Clementina Reyes;Administração;2014
413336;Carla Lemos;Administração;2012
413392;Quintino Terra;Administração;2013
413753;Clarindo Castilho;Administração;2016
414002;Isaac, Isaque Miguel;Administração;2012
414005;Glória Brum;Administração;2012
414017;Almeno Alves;Administração;2012
414519;Almerinda Quintanilha;Administração;2013
414831;Tadeu Ayres;Administração;2014
414866;Nelson Regueira;Administração;2014
415053;Vanderlei Penteado;Administração;2016
415121;Noémia Jiménez;Administração;2016
415215;Paraguaçu Brás;Administração;2014
415315;Zara Pari;Administração;2013
415828;Gui Damasceno;Administração;2014
415942;Milu Anhaia;Administração;2012
416062;Itiberê Ginjeira;Administração;2014
417766;Araribóia Portella;Administração;2017
417830;Maria Estévez;Administração;2013
418776;Zoe Vellozo;Administração;2016
419434;Agostinho Freire;Administração;2015
420187;Verônica   Mendes;Administração;2013
420427;Fulvio Pontes;Administração;2014
420433;Irani Casalinho;Administração;2013
420671;Aurora Calheiros;Administração;2013
420746;Genoveva Estrella;Administração;2012
420775;Lavínia Henriques;Administração;2012
420776;Brenda Garcia de Gondim;Administração;2015
420845;Políbio Vásquez;Administração;2012
420877;Tomás Gutiérrez;Administração;2012
420975;Zulmira Isla;Administração;2014
421108;Honório Quintella;Administração;2016
421136;Almor Mendoça;Administração;2016
421557;Catarina Lencastre;Administração;2012
421807;Reginaldo Linhares;Administração;2015
421948;Valdemar Tristão;Administração;2016
422304;Selma Camacho;Administração;2014
422351;Clementina Quintas;Administração;2012
422488;Lúcia Macedo;Administração;2017
423308;Filena Madureira;Administração;2017
423634;Mário Jorge;Administração;2013
423911;Godinho ou Godim Alcântara;Administração;2014
424078;Lourenço Esparteiro;Administração;2015
424197;Clóvis Andrade;Administração;2015
424302;Ilídio Zagalo;Administração;2014
424306;Marilda Vaz;Administração;2015
424443;Mariano Ferraço;Administração;2015
424481;Emiliana Higuera;Administração;2015
424487;Herculano Borges;Administração;2012
424872;Beatriz Marino;Administração;2016
424918;David Fialho;Administração;2012
425074;Godofredo Trinidad;Administração;2015
425318;Irani Higuera;Administração;2014
425403;Fabiana Reino;Administração;2012
425410;Feliciana Goulart;Administração;2017
425475;Emiliana Norões;Administração;2014
425558;Ítalo Sarabia;Administração;2012
425798;Urbano Lacerda;Administração;2012
426260;Ágata Brasil;Administração;2016
426404;Xénia Melo;Administração;2017
426699;Rudá Aldeia;Administração;2017
427245;Júlia Javier;Administração;2012
427396;Judite Lucena;Administração;2012
427453;Cassandra Campelo;Administração;2013
427525;Valério Lampreia;Administração;2014
427695;Astolfo Liberato;Administração;2017
428323;Marcela Assis;Administração;2013
428443;Ovídio Canhão;Administração;2017
428545;Lua Loureiro;Administração;2012
428634;Caetana Lemes;Administração;2015
428915;Hermesinda Quintas;Administração;2015
429076;Ramiro Pestana;Administração;2013
429250;Madalena Rivero;Administração;2016
429377;Tairine Seixas;Administração;2015
429456;Godofredo Beserra;Administração;2016
430049;Aniano Pirassununga;Administração;2016
430268;Noémia Santarém;Administração;2012
430708;Cássia Rabelo;Administração;2013
430922;Raul Aleixo;Administração;2012
431035;Jerónimo, Jerônimo Baptista;Administração;2016
431105;Timóteo Sanches;Administração;2014
431268;Claudemira Alencastre;Administração;2013
432272;Lucília Siebra;Administração;2012
432736;Cosme Veleda;Administração;2013
432741;Trajano Cascaes;Administração;2012
432759;Zacarias Portella;Administração;2013
432906;Marli Bicudo;Administração;2014
432949;Francisco Becerril;Administração;2017
433376;Ofélia Salgado;Administração;2015
433807;Roque Mascareñas;Administração;2015
434002;Eduardo Rodríguez;Administração;2014
434476;Pandora Vázquez;Administração;2015
434569;Léia Alves;Administração;2016
434755;Humberto Saraiva;Administração;2015
434838;Henrique Corvelo;Administração;2012
435199;Brenda Vilariça;Administração;2017
435233;Ajuricaba Quintella;Administração;2016
435906;Lília Vicario;Administração;2017
436239;Átila Hurtado;Administração;2016
436528;Rui Camacho;Administração;2012
436706;Débora Teves;Administração;2015
437468;Virgínia Borges;Administração;2016
437684;Dinis Dias;Administração;2013
437774;Sonás Durão;Administração;2012
438165;Aurélia Coelho;Administração;2014
438300;Aires Cachão;Secretariado;2016
438376;Óscar Bernárdez;Administração;2016
438696;Casimiro Bicudo;Administração;2017
438697;Dinarte Bonilla;Administração;2015
438997;Veridiana Belén;Administração;2012
439101;Eulália Estrada;Administração;2015
439462;Aurélio Quintela;Administração;2015
439483;Augusto Garrido;Administração;2012
440129;Delfim Collaço;Administração;2012
440312;Belmira Ribas;Administração;2015
440328;Márcio Holanda;Administração;2013
440382;Raimundo López;Administração;2017
440530;Isadora Vellozo;Administração;2012
440543;Damião Domingues;Administração;2017
440812;Boaventura Cabral;Administração;2016
441435;Belchior Regalado;Administração;2016
442002;Rodolfo Zagalo;Administração;2017
442022;Suniário Leça;Administração;2015
442162;Borrás Arouca;Administração;2013
442306;Gualdim Semedo;Administração;2017
442869;Fernanda Pádua;Administração;2013
442903;Tália Diegues;Administração;2012
442939;Faustino Leça;Administração;2016
442940;Constantino Bethecourt;Administração;2017
443402;Filena Velasques;Administração;2016
443458;Duarte Gracia;Administração;2013
443763;Ronaldo Guerrero;Administração;2015
443914;Mara Villanueva;Administração;2012
443922;Jaci Mendonça;Administração;2016
444074;Amílcar Figueiró;Administração;2016
444145;Gustavo Figueiroa;Administração;2014
444564;Lavínia Linares;Administração;2017
444605;Emanuela Cachoeira;Administração;2013
444797;Fabrício Ramires;Administração;2016
444938;Eugénio Mirandela;Administração;2015
445347;Gabriela Lustosa;Administração;2016
445404;Irani Jaguariúna;Administração;2012
445497;Clotilde Pino;Administração;2012
445666;Delfim Sánchez;Administração;2014
445718;Matilde Rebouças;Administração;2016
445822;Romão Camarinho;Administração;2013
445860;Guiomar Ferro;Administração;2016
445922;Claudemiro Azenha;Administração;2014
446524;Manuela Caldera;Administração;2014
446584;Moaci Vilas Boas;Administração;2014
446717;Roque Mirandela;Administração;2017
446977;Rosário Ramalho;Administração;2016
447105;Fábio Cambezes;Administração;2016
447190;Fiona Peroba;Administração;2014
447311;Tomásia Sousa;Administração;2012
448141;Palo Monjardim;Administração;2012
448302;Iolanda Villas Boas;Administração;2017
448810;Guido Martins;Administração;2012
448855;Genoveva Villégas;Administração;2012
448880;Rosa Salles;Administração;2015
448973;Branca Paranhos;Administração;2017
449300;Zidane Ignacio;Administração;2016
449550;Moema Gracia;Administração;2017
449637;Leonel Figueiredo;Administração;2014
449811;Serafim Bahia;Administração;2016
450044;Rosália Carlos;Administração;2015
450202;Evaristo Dourado;Administração;2017
450547;Virgílio Negrão;Administração;2015
450659;Levi Tabosa;Administração;2017
450674;Alceste Peres;Administração;2013
450715;Joana Regalado;Administração;2016
451187;Célia Dâmaso;Administração;2016
451202;José Medeiros;Administração;2016
451313;Elias Correia;Administração;2014
451415;Noémia Telles;Administração;2015
451689;Clóvis Valentim;Administração;2015
451803;Ermelinda Saloio;Administração;2012
452209;Elba Taveira;Administração;2017
452307;Ítala Martinho;Secretariado;2015
452429;Alzira Moita;Administração;2014
452832;Cauã Ignacio;Administração;2013
452918;Virgília Lousã;Administração;2013
455038;Flor Teodoro;Administração;2015
455148;Antero Lemes;Administração;2016
455387;Manuela Mendoça;Administração;2012
455568;Óscar Frota;Administração;2016
455841;Rufus Ramírez;Administração;2016
455898;Emiliana Remígio;Administração;2013
456346;Levindo Camello;Administração;2016
456392;Guido Becerra;Administração;2013
456758;Mariano Rego;Administração;2013
457262;Custódio Mortágua;Administração;2013
457486;Délio Rego;Administração;2014
457804;Patrícia Onofre;Administração;2015
458331;Francisco Zambujal;Administração;2017
458375;Barnabé Viegas;Administração;2014
458515;Sebastiana Moniz;Administração;2012
458635;Pascoal Figueira;Administração;2016
458902;Emanuel Eanes;Administração;2013
459428;Deise Salomão;Administração;2014
459630;Guiomar Carrasqueira;Administração;2012
459833;Nestor Paião;Administração;2014
460089;Parcidio Câmara;Administração;2013
460301;Magali Carvalhais;Administração;2014
460611;Miguelina Rosário;Administração;2013
460954;Vítor ou Victor Vides;Administração;2017
461129;Carolina Ulhoa;Administração;2012
461216;Susana Mesquita;Administração;2017
461412;Iuri Guarabira;Administração;2012
461678;Henrique Durán;Administração;2012
461794;Miguelina Menna;Administração;2017
462083;Ronaldo Nolasco;Administração;2014
462931;Tairine Ferraço;Administração;2016
462981;Emanuel Fidalgo;Administração;2015
463160;Dalila Cintra;Administração;2013
463363;Cristiana Dorneles;Administração;2014
463503;Afonso Madruga;Administração;2016
464121;Floriano Nunes;Administração;2013
464489;Pedro Ramires;Administração;2017
464820;André Bivar;Administração;2016
465398;André Siqueira;Administração;2012
465531;Veridiano Oiticica;Administração;2016
465590;Ildefonso Carballo;Administração;2016
465643;Leopoldo Pino;Administração;2012
465693;Taíssa Coimbra;Administração;2013
465738;Damião Gameiro;Administração;2017
465773;Iberê García;Administração;2012
467433;Rosário Collares;Administração;2015
467581;Leonir Quintas;Administração;2012
467800;Branca Ornellas;Administração;2016
468315;Simão Vilaça;Administração;2012
468595;Alice Paula;Administração;2012
468615;Guterre Castro;Administração;2015
468761;Lucílio Osorio;Administração;2017
469293;Adosindo Camelo;Administração;2016
469726;Francisca Morera;Administração;2013
469755;Constança Quintella;Administração;2016
469919;Israel Tavera;Administração;2014
469934;Nelson Meneses;Administração;2017
470067;Socorro Blanco;Administração;2015
470136;Ulisses Branco;Administração;2016
470768;Mateus Reis;Administração;2013
471099;Fernanda Salles;Administração;2015
471409;Eulália Balladares;Administração;2016
471536;Lucrécia Goes;Administração;2015
471811;Leonilde Gonçalves;Administração;2014
472325;Silvano Beça;Administração;2017
472425;David Thomé;Administração;2012
472511;Gabriel Cascaes;Administração;2013
472910;Bernardina Pêssego;Administração;2014
473030;Ângela Rivero;Administração;2015
473118;Cândido Paiva;Administração;2012
473200;Leopoldina Bivar;Administração;2015
473583;Iberê Núñez;Administração;2017
473910;Isaura Reis;Administração;2017
474053;Feliciano Vicario;Administração;2015
474333;Vanderlei Esparteiro;Administração;2014
474405;Joana Castel-Branco;Administração;2013
474420;Anna Cunha;Administração;2015
474793;Gisela Guerreiro;Administração;2015
474799;Abel Reguera;Administração;2013
475167;Liliana Felgueira;Administração;2012
475198;Geraldo Capucho;Administração;2016
475206;Zuriel Losada;Administração;2014
475543;Dália Rangel;Administração;2013
475856;Manuela Siqueira;Administração;2017
476390;Raul Leme;Administração;2014
476782;Paula Ferreira;Administração;2012
476803;Egas Guaraná;Administração;2013
476916;Serafina Tavera;Administração;2013
476992;Rosaura Porciúncula;Administração;2014
477368;Beatriz Peralta;Administração;2012
477489;Reginaldo Benevides;Administração;2017
477566;Élvio Vilaça;Administração;2017
477765;Gláuber Simões;Administração;2016
478391;Sancha Furquim;Administração;2015
478649;Jordão Vila-Chã;Administração;2014
478707;Antônia Rolim;Administração;2014
479452;Gláuber Maranhão;Administração;2013
479606;Mamede Pasos;Administração;2016
479621;Armindo Betancour;Administração;2016
479702;Patrício Figueroa;Administração;2014
479879;Deolinda Rego;Administração;2016
480095;Jamari Pinho;Administração;2013
480127;Ricardo Noronha;Administração;2013
480141;Nídia Varella;Administração;2015
480157;Amélia Frois;Administração;2014
480254;Rufus Tabalipa;Administração;2016
480304;Amélia Guedelha;Administração;2014
480597;Filomena Póvoas;Administração;2014
480764;Rubim Figueira;Administração;2015
481022;Renata Canadas;Secretariado;2015
481353;Ofélia Villegas;Administração;2017
481595;Jeremias Castelo;Administração;2015
481732;Carlos Boga;Administração;2014
482091;Bukake Neiva;Administração;2013
483229;Fabiana Garcez;Administração;2017
483386;Gil Duarte;Administração;2012
483574;Guaraci Becerra;Administração;2014
483930;Ulisses Pegado;Administração;2014
484286;Genoveva Sanches;Administração;2012
484577;Olívio Mesquita;Administração;2017
484635;Arcidres Durão;Administração;2012
484636;Clotilde Cavalheiro;Administração;2012
484672;Aníbal Paranaguá;Administração;2015
484999;Hermenegildo Araújo;Administração;2017
485564;Justino Bernardes;Administração;2013
485900;Mileide Aires;Administração;2015
486116;Odete Bento;Administração;2012
486334;Luana Sarmento;Administração;2017
486349;Hermesinda Palha;Administração;2017
486450;Zuleide Lucena;Administração;2015
486526;Epaminondas Lameirinhas;Administração;2015
486821;Amadeu Tupinambá;Administração;2014
486932;Regina Villela;Administração;2013
487002;Rita Cabrera;Administração;2015
487142;Vanda Covinha;Administração;2012
487214;Veridiana Lacerda;Administração;2016
487474;Alceste Carrasco;Administração;2017
487747;Mara Lameira;Administração;2015
488123;Cássia Figueiredo;Administração;2016
488247;Palo Mantas;Administração;2013
488274;Peri Torres;Administração;2014
488567;Abílio Grillo;Administração;2017
488722;Camilo Pirajá;Administração;2017
488801;Graciano Alburquerque;Administração;2016
488820;Inácio García;Administração;2017
488881;Asi Vilarinho;Administração;2015
488883;Germano Hurtado;Administração;2016
489193;Parcidio Ferraz;Administração;2014
489699;Guterre Malta;Administração;2014
490013;Patrícia Carvalhaes;Administração;2016
490191;Faustino Morales;Administração;2017
490227;Emília Landim;Administração;2013
490533;Marisa Camarinho;Administração;2017
490663;Firmino Quintão;Administração;2013
490754;Abel Mourato;Administração;2015
490812;Rita Caniça;Administração;2012
492116;Alípio Barrocas;Administração;2017
492129;Vânia Capistrano;Administração;2017
492467;Balduíno Caetano;Administração;2017
492969;Telmo Peña;Administração;2015
492996;Olga Branco;Administração;2014
493225;Giovana Butantã;Administração;2014
493332;Josias Cabrera;Administração;2014
494090;Guálter, Walter Bugallo;Administração;2017
494096;Marisa Ulhoa;Administração;2016
494098;Natividade Santarém;Administração;2013
494176;Aurélia Laranjeira;Administração;2016
494242;Araci Paraguaçu;Administração;2016
494437;Olavo Braga;Administração;2013
494453;Donata Café;Administração;2012
494591;Mariano Brião;Administração;2016
494628;Heriberto Meira;Administração;2013
494847;Fábio Sequeira;Administração;2015
494919;Lucília Alencastre;Administração;2012
495060;Nicanor Vilaverde;Administração;2013
495236;Maiara Uchoa;Administração;2013
495372;Orestes Pimenta;Administração;2017
495870;Jacinto Sampaio;Administração;2016
496615;Levi Xavier;Administração;2013
496640;Fulvio Canadas;Administração;2016
496694;Clóvis Morais;Administração;2015
496748;Querubim Bahía;Administração;2016
497031;Floripes Fróis;Administração;2015
497172;Ingrit Faia;Administração;2015
497219;Polibe Viera;Administração;2015
497220;Josué Regalado;Administração;2017
497262;Inácio Villas Boas;Administração;2013
497280;Leonilde Miranda;Administração;2015
497385;Doroteia Monforte;Administração;2016
497514;Nicolas Hernández;Administração;2017
497710;Cristiana Valerio;Administração;2016
497749;Adélio Padilla;Administração;2012
498160;Serafina Hierro;Administração;2012
498360;Germano Coimbra;Administração;2012
498562;Angelino Linhares;Administração;2012
498995;Renata Galvão;Administração;2015
499423;Clara Prada;Administração;2014
499889;Paraguaçu Monteiro;Administração;2013
500090;Querubina Rangel;Secretariado;2015
500115;Marcos Pari;Secretariado;2016
500654;Gonçalo Bogalho;Secretariado;2013
500823;Borrás Bairros;Secretariado;2015
501241;Matias Olaio;Secretariado;2017
501346;Américo Becerra;Secretariado;2013
501395;Mônica   Jardim;Secretariado;2017
501748;Urânia Anhaia;Secretariado;2016
502371;Emanuela Santos;Secretariado;2012
502721;Cátia Botica;Secretariado;2016
502739;Maria Torcuato;Secretariado;2017
503477;Selma Mainha;Secretariado;2014
503570;Adelina Pari;Secretariado;2017
503849;Juliano Porciúncula;Secretariado;2016
503898;Armando Meira;Secretariado;2012
504105;Mamede Vila-Chã;Secretariado;2017
504170;Serafina Peralta;Secretariado;2015
505074;Querubim Macedo;Secretariado;2015
505081;Bárbara Fiães;Secretariado;2017
505182;Angelino Tigre;Secretariado;2016
505316;Claudemira Casquero;Secretariado;2016
505879;Calisto Frade;Secretariado;2012
506108;Abel Doutel;Secretariado;2013
506148;Inês Coito;Secretariado;2012
506433;Lucílio Marroquim;Secretariado;2013
506739;Basilio Peláez;Secretariado;2014
507589;Claudemiro Lameiras;Secretariado;2015
508430;Tália Foquiço;Secretariado;2012
508550;Marília Goes;Secretariado;2016
508579;Camila Imbassaí;Secretariado;2013
508681;Lina Marroquim;Secretariado;2017
508728;Adolfo Vilanova;Secretariado;2013
509884;Abílio Naves;Secretariado;2015
510091;Godinho ou Godim Monte;Secretariado;2016
510097;Nazaré Damasceno;Secretariado;2016
510177;Higino Paraguaçu;Secretariado;2012
510177;Maria Vasques;Secretariado;2014
510504;Serafina Tabajara;Secretariado;2017
510600;Casimiro Brião;Secretariado;2016
510746;Israel Pirassununga;Secretariado;2012
510770;Guido Antúnez;Secretariado;2012
510796;Nicolau Fortunato;Secretariado;2017
511085;Ubirajara Bulhão;Secretariado;2013
511203;Tércio Brião;Secretariado;2015
511626;Natacha Milheiro;Secretariado;2017
511785;Alfredo Fontoura;Secretariado;2013
511907;Irani Reguera;Secretariado;2013
513478;Oliveira Lameira;Secretariado;2017
513818;Udo Vila-Chã;Secretariado;2017
514302;Jandaíra Verguero;Secretariado;2017
514557;Valdeci Nogueira;Secretariado;2016
514573;Plácido Nóbrega;Secretariado;2016
514882;Teresa Villégas;Secretariado;2016
514985;Rosana Quintero;Secretariado;2012
515075;Cidália Campelo;Secretariado;2015
515333;Mônica   Moreyra;Secretariado;2015
515606;Potira Carrilho;Secretariado;2012
516346;Neuza Furtado;Secretariado;2017
516886;Delfim Rodovalho;Secretariado;2015
517145;Brígida Vilanova;Secretariado;2017
517276;Celestina Tabosa;Secretariado;2015
517475;Léia Fernandes;Secretariado;2014
517526;Bernardo Rabello;Secretariado;2017
518008;Otávio Modesto;Secretariado;2012
518263;Juçara Mendoça;Secretariado;2017
518500;Flávio Landim;Secretariado;2015
519335;Ema Domínguez;Secretariado;2012
519670;Vlademiro Brião;Secretariado;2014
519767;Oriana Jardim;Secretariado;2017
519892;Luzia Cardozo;Secretariado;2012
520079;Simeão Fraga;Secretariado;2016
520653;Cláudio Thomé;Secretariado;2017
520909;Araribóia Mieiro;Secretariado;2017
521105;Gabriel Teixeira;Secretariado;2016
521360;Valentina Bezerra;Secretariado;2015
521811;Mamede Alancastro;Secretariado;2015
522234;Leopoldina Ferrão;Secretariado;2013
522547;Isabel Graça;Secretariado;2016
522586;Virgília Pessanha;Secretariado;2012
522629;Apuã Freiria;Secretariado;2016
522868;Silvano Piñero;Secretariado;2016
523319;Ulrico Candal;Secretariado;2016
523323;Caubi Valgueiro;Secretariado;2015
523343;Ismael Dinis;Secretariado;2013
523922;Hermano Lameiras;Secretariado;2015
523941;Camilo Matoso;Secretariado;2015
524022;Tibúrcio Soto Mayor;Secretariado;2017
524188;Vitória Valim;Secretariado;2013
524725;Custódio Siebra;Secretariado;2015
524743;Celina Bautista;Secretariado;2013
524928;Aurélia Nóbrega;Secretariado;2012
525065;Vanderlei Parreira;Secretariado;2016
525571;Sónia Valido;Secretariado;2014
525628;Aurélia Botica;Secretariado;2014
526048;Sandoval Carreiro;Secretariado;2013
526447;Tomás Vilalobos;Secretariado;2012
526450;Querubina Cysneiros;Secretariado;2015
526562;Murilo Tabosa;Secretariado;2015
526628;David Goulart;Secretariado;2017
526902;Aarão Castro;Secretariado;2017
527188;Apoena Bezerra;Secretariado;2015
527274;Abel Vega;Secretariado;2012
527358;Soraia Sotomayor;Secretariado;2014
527691;Celina Brito;Secretariado;2016
527730;Conceição Diegues;Secretariado;2013
527895;Mónica Nieto;Secretariado;2014
528273;Bento Pinhal;Secretariado;2012
528294;Ubaldo Dorneles;Secretariado;2017
528445;Sancho Sarmento;Secretariado;2012
528918;Marília Galvão;Secretariado;2015
529100;Aurora Açores;Secretariado;2015
529280;Hugo Bello;Secretariado;2016
529570;Aniana Francia;Secretariado;2016
530040;Leonel Fiães;Administração;2017
530347;Iolanda Aragão;Secretariado;2017
530627;Odilia Melgaço;Secretariado;2016
531308;Felisbela Frota;Secretariado;2013
531792;Óscar Becerril;Secretariado;2017
531952;Ricardina Losada;Secretariado;2012
531977;Almor Monteiro;Secretariado;2016
532204;Ubaldo Villela;Secretariado;2014
532214;Jacira Ribas;Secretariado;2015
532282;Valentim Bicalho;Secretariado;2012
532370;Sidônio   Carreiro;Secretariado;2012
532721;Alarico Benavides;Secretariado;2013
532840;Amadeu Távora;Secretariado;2013
533311;Aníbal Travassos;Secretariado;2016
534017;Rómulo Murici;Secretariado;2013
534071;Gabriela Guerrero;Secretariado;2015
534164;Abílio Alcoforado;Secretariado;2015
534179;Itiberê Guterres;Secretariado;2013
534191;Dora Fitas;Secretariado;2017
534240;Firmina Cezimbra;Secretariado;2016
534254;Leonir Landim;Secretariado;2013
534484;Estefânia Martinho;Secretariado;2017
535218;Camila Oliveira;Secretariado;2016
535382;Ovídio Araújo;Secretariado;2012
535407;Serafina Laranjeira;Secretariado;2016
535431;Cristiana César;Secretariado;2014
535535;Rudá Rangel;Secretariado;2017
535737;Alarico Portugal;Secretariado;2013
536006;Vânia Puentes;Secretariado;2016
536332;Priscila Viera;Secretariado;2013
536387;Ernesto Bessa;Secretariado;2013
536626;Bárbara Bensaúde;Secretariado;2016
536873;Ximeno Quaresma;Secretariado;2015
536890;Tristão Passarinho;Secretariado;2015
537015;Léia Jiménez;Secretariado;2017
537172;Valentina Pessanha;Secretariado;2014
537242;Bruna Blanco;Secretariado;2012
537343;Gilda Conde;Secretariado;2016
538043;Márcia Meirelles;Secretariado;2016
538633;Albino Jiménez;Secretariado;2012
538682;Mara Santana;Secretariado;2012
538772;Antónia Camello;Secretariado;2013
538817;Eurico Garcés;Secretariado;2016
539128;Jonas Miguel;Secretariado;2014
539564;Emanuela Padilla;Secretariado;2012
539654;Flamínia Olaio;Secretariado;2013
539685;Porfírio Portugal;Secretariado;2014
539844;Lúcia Saloio;Secretariado;2014
540388;Lara Zagallo;Secretariado;2013
540464;Aniano Beltrán;Secretariado;2017
540587;Salvador Mederos;Secretariado;2012
540755;Cristiana Guedella;Secretariado;2013
540861;Rómulo Cesário;Secretariado;2012
541105;Ângela Tibiriçá;Secretariado;2013
541240;Iberê Froes;Secretariado;2013
541410;Alexandre Borja;Secretariado;2016
542058;Mileide Blanco;Secretariado;2014
542396;Herculano Poças;Secretariado;2014
542455;Carine Café;Secretariado;2013
542776;Iuri Mattozo;Secretariado;2017
542786;Abel Mendonça;Secretariado;2014
543024;Vânia Freitas;Secretariado;2013
543031;Guiomar Leal;Secretariado;2016
543034;Nuno Ribeiro;Secretariado;2017
543080;Eurico Lameiras;Secretariado;2016
543112;Morgana Piteira;Secretariado;2012
543429;Isaac, Isaque Paixão;Secretariado;2016
543861;Rosana Quinaz;Secretariado;2014
544401;Elias Pérez;Secretariado;2013
545076;Lino Alvim;Secretariado;2017
545789;Miriam Caldas;Secretariado;2012
546296;Gomes Barrios;Secretariado;2013
547790;Godofredo Milheiro;Secretariado;2016
547823;Xénia Quintais;Secretariado;2013
547895;Nazaré Amado;Secretariado;2012
548133;Sandro Caldera;Secretariado;2012
548278;Vasco Abreu;Secretariado;2017
548299;Sónia Salvado;Secretariado;2016
548413;Bárbara Cordero;Secretariado;2016
548490;Caetano Conde;Secretariado;2013
549113;Neusa Bento;Secretariado;2016
549220;Joel Machado;Secretariado;2016
549253;Jónatas Vilarim;Secretariado;2016
549365;Custódio Moniz;Secretariado;2016
549481;Rosalinda Mansilha;Secretariado;2015
549484;Duarte Ferreira;Secretariado;2014
555511;Piedade Paranaguá;Secretariado;2016
576996;Eunice Puentes;Secretariado;2016
581370;Porfírio Ximenes;Secretariado;2017
610954;Olga Valgueiro;Secretariado;2017
612943;Olga Cisneiros;Secretariado;2017
647989;Celestino Fortunato;Secretariado;2016
